Receiver_ID,Name,Type,City,Contact
1,Donald Gomez,Shelter,Port Carlburgh,+1559225295
2,Laurie Ramos,Individual,Lewisburgh,+1610421570
3,Ashley Mckee,NGO,South Randalltown,+1910230094
4,Erika Rose,NGO,South Shaneville,+1296491111
5,John Romero,Individual,Bakerport,+1674910154
6,Mandy Sutton PhD,Shelter,East Sharimouth,+1827775357
7,Kenneth Baker,NGO,South Edwinborough,+1664563864
8,James Perez,Charity,Benjaminburgh,+1867486688
9,Emily Turner,Shelter,West Robert,+1310226157
10,Mary Salazar,NGO,Wrightland,+1873337518
11,Amber Pacheco,Individual,South Gregorymouth,+1559607276
12,Jennifer Bishop,NGO,Katherineside,+1013636355
13,Jamie Sutton,Shelter,Lake Matthewstad,+1768478920
14,Brian Fischer,Shelter,Burkeside,+1470413246
15,Donald Kelly,NGO,Port Ronald,+1357985303
16,Elizabeth Lewis,NGO,Port Tara,+1003863867
17,Melissa Castillo,NGO,Silvaport,+1992329544
18,Lisa Williams,NGO,Moranhaven,+1605055780
19,Courtney Sanders,NGO,North Cynthiaberg,+1837540501
20,George Palmer,NGO,Sandrahaven,+1448386083
21,Emily Davidson,NGO,Jonesside,+1934730769
22,Kristina Meza,Shelter,Lake Nicole,+1251600319
23,Kurt Ward,Individual,Aliciabury,+1790359976
24,Tammy Moore,Individual,Monicafort,+1211055278
25,Lisa Mcclain,NGO,Lake Elizabeth,+1921539082
26,Kimberly Lindsey,Charity,Port Matthewmouth,+1795111434
27,Johnny Page,NGO,Susanfurt,+1519222940
28,Mary Franklin,Individual,Courtneyfurt,+1461889986
29,Nicholas Robinson,NGO,Lake Kendra,+1301048973
30,Bruce Sanchez,Shelter,North Heather,+1984591819
31,Rose Powell,NGO,Spencermouth,+1471527297
32,Audrey Perez,Individual,Taylorfort,+1370257736
33,Anita Kerr,NGO,Walshfort,+1689929509
34,Megan Alvarez,Individual,North Robert,+1244329386
35,James Castaneda,Shelter,South Rachaelhaven,+1322772945
36,Teresa Davis,Charity,Olsonville,+1375073051
37,Angel Adams,Shelter,West Erik,+1858499596
38,Alexander Mullins,Charity,Josephview,+1484817680
39,John Ramirez,Shelter,Moorechester,+1597018773
40,Abigail Davis,Individual,West Carrie,+1078253197
41,Julia Elliott,Shelter,Port Kellyburgh,+1138826551
42,Maria Jacobs,NGO,Port Dawntown,+1250198954
43,Bobby Perry,Charity,Amberfort,+1062897335
44,Andrew Lawson,Shelter,Davisborough,+1225667870
45,Derek Potter,Charity,South Laurachester,+1973727517
46,Kevin Lee,Charity,East Teresahaven,+1542538089
47,Taylor Dean,Shelter,Moorechester,+1971005658
48,Jennifer Graham,Individual,East Saraport,+1797460394
49,Gabriel Nicholson,Charity,South Tonyaborough,+1005233391
50,Brian Gonzales,NGO,North Sarah,+1414382803
51,Timothy Clark,Charity,Port Johnchester,+1176621143
52,Cheryl Dillon,NGO,Hornemouth,+1501461578
53,Cassandra Owens,Shelter,Tomburgh,+1131937735
54,Veronica Howard,NGO,Higginsmouth,+1176322362
55,Erika Rodriguez,Shelter,Larastad,+1321320041
56,Deborah Smith,Individual,Jasonshire,+1960394276
57,Christopher Lozano,Individual,New Mary,+1178270862
58,Julia Madden,Shelter,Michaelton,+1212078844
59,Alicia Thomas,Charity,Lake Mary,+1043200347
60,Jessica Rivas,NGO,Phillipborough,+1517831595
61,John Vazquez,Charity,South Kathleenbury,+1370656422
62,Nichole Lewis,NGO,North Catherinefurt,+1774455269
63,David Turner,Charity,East William,+1456052297
64,Debra Sheppard,Shelter,North Darinshire,+1266781689
65,Cody Gardner,NGO,Port Belinda,+1653950421
66,Jade Jackson,Individual,West Jaclyn,+1815822531
67,Rodney Walker,Shelter,Strongshire,+1333857777
68,Wesley Thompson,Charity,Edwardburgh,+1012552891
69,Scott Brown,NGO,East Dylan,+1021979398
70,Carolyn Whitaker,Individual,Gregoryville,+1651783261
71,Timothy Daniel,Charity,New Gloriaburgh,+1621819662
72,Charles Davidson,Shelter,West Angelatown,+1946982957
73,Kimberly Mills,NGO,Christineton,+1888215439
74,Patricia Smith,NGO,Laurafurt,+1204535600
75,Nicholas Smith,Charity,Manningtown,+1059701115
76,Anna Lopez,Individual,North Jenniferside,+1056245306
77,Juan Spencer,Individual,North David,+1442427963
78,Aaron Davis,Shelter,Marshallton,+1310820755
79,Meagan Ramirez,Charity,Angelaville,+1716667691
80,Eric Jackson,Individual,Knightburgh,+1326023388
81,Theresa Ramirez,NGO,Port Gregoryport,+1828957478
82,Laura Bennett,NGO,Evansside,+1797191693
83,Julie Hines,NGO,Davidview,+1360165454
84,Deanna Lewis,NGO,East Kelli,+1938550061
85,Jeffery Mueller,Charity,Lake John,+1024932900
86,Jessica Grant,Charity,Smithshire,+1011321809
87,Tammy Walker MD,Charity,West Ronaldland,+1820447177
88,Eric Ryan DDS,NGO,Lake Daniel,+1777946847
89,Mr. David Lambert,Individual,Robinsonside,+1298411999
90,Alvin West,Shelter,Kellybury,+1173148724
91,Ashley James,Charity,Garrettborough,+1278475812
92,Bridget Peterson,NGO,Greenton,+1090376331
93,Allison Bray,Individual,Alexatown,+1222773588
94,Timothy Patel DVM,Charity,New Jessica,+1468329667
95,Anthony Green,NGO,Laurafort,+1060249230
96,Michael Walls,Individual,Carterside,+1509307741
97,Nathan May,Charity,South Veronicaburgh,+1087849354
98,Brian Cowan,Individual,Henryhaven,+1341421265
99,Nancy Silva,Individual,Russellville,+1292213591
100,Melissa Little,NGO,Robertaborough,+1502637746
101,Nicole Reid,Shelter,Hollytown,+1085646895
102,Daniel Burton,Individual,North Matthewhaven,+1722844190
103,Karen Cruz,Individual,West Justin,+1005835978
104,Victor Reyes,Charity,North Joshuafort,+1112308872
105,Trevor Wilson,NGO,North Pamela,+1517191403
106,David Johnson,Individual,Lake Rebecca,+1350190294
107,Jessica Morris,NGO,Port Elizabethton,+1377761761
108,Suzanne Dawson,NGO,East Josephstad,+1821592143
109,Rachel Nguyen,NGO,Theresamouth,+1405452043
110,Karla Castillo,NGO,Lake Michaelton,+1281126859
111,Deanna Flores,NGO,West Johnny,+1692949581
112,Brady Lopez,Individual,Michaeltown,+1312755906
113,Jonathan Young,Shelter,Georgeborough,+1486417867
114,John Chase,NGO,Meganton,+1304246470
115,Anthony Carter,Shelter,Scottmouth,+1997267360
116,Mark Lee,Individual,Port Teresa,+1837576830
117,Kelly Pierce,Shelter,East Heatherborough,+1172321717
118,Matthew Tran,Charity,South Franciscoport,+1831441560
119,Jasmine Robertson,Individual,Deanview,+1880786769
120,Matthew Ramos,Shelter,Kennethberg,+1035639703
121,Gavin Freeman,NGO,Ayalamouth,+1826814168
122,Drew Cline,NGO,Port Patriciachester,+1178287715
123,Teresa Williams,Charity,South Alexandraport,+1732288829
124,Marie Andrade,Charity,Meghanfort,+1140962823
125,Tammy Smith,Individual,Campbellchester,+1685371925
126,Heather Brown,NGO,North Lori,+1361161365
127,Hayden Hill,NGO,North Roger,+1431125754
128,Sarah Carter,Charity,New Benjamin,+1130185852
129,Denise Martinez,Charity,Drakeburgh,+1638878557
130,Matthew Hughes,Charity,Marieview,+1684314471
131,Shawn Mills,Charity,Jeffhaven,+1511921790
132,Katherine Gomez,Charity,South Jasonberg,+1098022108
133,Robert Johnson,NGO,West James,+1017495770
134,Emily Christian,Individual,Marcusberg,+1246292189
135,Jeanne Spencer,Shelter,Huntermouth,+1874746001
136,Katherine Murphy,NGO,New Elaine,+1675064790
137,James Jones,NGO,Bakerfort,+1224216342
138,Christina Potter,NGO,Phillipsbury,+1661444542
139,Charles Martin,NGO,New Christopher,+1860090817
140,Kristin Scott,Shelter,North Christina,+1989059117
141,Christine Gray,Individual,Dawnview,+1665380401
142,Melody Good,NGO,Wilsonfort,+1802732716
143,Amanda Hendricks,Shelter,Nancyshire,+194941313
144,Jennifer Nelson,Individual,North Paul,+1138027241
145,David Hull,Shelter,Tanyachester,+1398046633
146,John Cummings,Individual,Joshuamouth,+1344646051
147,Sara Wise,NGO,New Shannonbury,+1677368818
148,Robert Simon,NGO,North Amandafort,+1264671079
149,Nathan Willis,NGO,Danielfort,+1303189696
150,Kelly Howe,Charity,Davidmouth,+1605930986
151,Lisa Eaton,Shelter,New Aimeemouth,+1428696733
152,Jasmine Miranda,Individual,Caseyland,+1135094800
153,Jason Holmes,Individual,Williamtown,+1655330612
154,Thomas Johnson,Shelter,Lake Victoriaport,+1267945876
155,Christopher Kennedy,Shelter,Patriciaton,+1091798044
156,Corey Mitchell,Charity,Jacobsmouth,+1921158557
157,Jason Davis,Individual,Charleston,+1231146883
158,Gregory Murphy,Individual,South Ashley,+1903192480
159,Angela Cortez,NGO,Lisaton,+1852164851
160,Tracy Hartman,Charity,South Jill,+1472039101
161,Mary Nguyen,Charity,Mcclurestad,+1531822743
162,Douglas Baxter,Individual,Amandaville,+1395982308
163,Jennifer Anderson,Charity,Daleshire,+1733754139
164,Aaron Scott,Charity,Heatherfurt,+1586331682
165,Danielle Bailey,Shelter,East Sarahtown,+1268060927
166,Danielle Willis,Charity,Ginamouth,+1704583747
167,Erica Fox,Charity,West Shawn,+1299188786
168,Kayla Johnson,Shelter,East Timhaven,+1865345065
169,Jon Stanton,Charity,Nguyenfurt,+1677232786
170,Adam Browning,Charity,Port Erica,+1965969067
171,Suzanne Velasquez,NGO,Joanchester,+1056724633
172,Nicole Brown,Charity,Thomaston,+1161216760
173,Jason Moore,NGO,West Courtneyport,+1134685154
174,Matthew Johnson,Individual,Smithstad,+1858590597
175,Stephanie Hoffman,Individual,New Tiffany,+1725985363
176,Brendan Farley,NGO,Nicoleport,+1763303007
177,Tonya Lucas,NGO,Robertsonchester,+1135426523
178,Deanna Jarvis,Shelter,Port Emilymouth,+1995658611
179,Adam Hodge,Charity,West Krystalview,+1637515462
180,Michelle Cook,Shelter,Peterhaven,+1129024858
181,Paul Evans,NGO,Smithshire,+1222400397
182,Troy Miller,Charity,Seanside,+1901485867
183,Nicole Walker,Individual,Thomasland,+1174756913
184,Matthew Sanchez,Individual,Port Melissa,+1159201622
185,Shannon Pineda,Individual,Lake Amanda,+1924908937
186,John Massey,Shelter,Heathertown,+1995907798
187,Amy Thomas,Shelter,Lake Erica,+1152950597
188,Tina Ingram,Charity,Angelicatown,+1671343646
189,Stephen Smith,Individual,Maxberg,+1903261349
190,Maria Jackson,Charity,North Shelby,+1041696306
191,Brent Anderson,Shelter,New Seanburgh,+1254787600
192,Rhonda King,Individual,Toddborough,+1679585492
193,Jesse Brown,Charity,Figueroaport,+1814250706
194,Alan Campbell,NGO,Shawmouth,+1428070793
195,John Martin,Charity,New Jason,+1811746644
196,Tara Bauer,Charity,Port Dustin,+1099352878
197,Deanna James,Shelter,East Tinamouth,+1391006940
198,Scott Anderson,Individual,East Teresamouth,+1332968887
199,Ashley Rivers,Individual,East Sharon,+1880512193
200,Nicole Williams,NGO,East Jillian,+1857807784
201,Calvin Lucas,Individual,Corybury,+1177309502
202,Veronica Coleman,NGO,North Mario,+1651255287
203,Vincent Matthews,Shelter,Allenmouth,+1335998576
204,Rachel Thomas,Individual,North Lindachester,+1178735848
205,Kimberly Wilkins,Charity,West Casey,+1783162949
206,Ashley Brooks,Individual,Ramseystad,+1288209314
207,Nicholas Holloway,Shelter,South Kendraville,+1198219201
208,Michael Flores,Charity,Andrewmouth,+1726828043
209,Gina Payne,Individual,Steveberg,+1608846634
210,Tara Mcmahon,NGO,South Anna,+1835288473
211,Judy Griffith,Charity,Baileyville,+1553916382
212,Ronald Gonzalez,Shelter,Stevenmouth,+1463783210
213,Kelly Barber,NGO,Emilymouth,+1594204088
214,Corey Rodriguez,NGO,New Roseville,+1665447425
215,Mr. Matthew Johnson DDS,Charity,Port Stephen,+1733110659
216,Morgan Massey,Charity,West Amybury,+1292866902
217,Kelsey Holloway DDS,Charity,Ashleyborough,+1007051978
218,Corey Lamb,Charity,New Daniel,+1828939920
219,Alex Rogers,Charity,Lake Austinmouth,+1176131019
220,Cassandra Mendoza,NGO,Dantown,+1612673922
221,Rebecca Goodman,Shelter,Robinsonland,+1922218538
222,Stephanie Jones,Shelter,West Aaronport,+1299401111
223,David Henderson,Charity,Hallside,+1769469613
224,Franklin Kelley,Charity,East Jacob,+1077678809
225,Joseph Bowman,NGO,West Jessica,+1634342847
226,Daniel Kerr,Charity,Fergusonton,+1489559384
227,Samuel Hodge,NGO,Port Maria,+1024637516
228,Joanna Wilkins,Charity,Singletonview,+1968881488
229,Tina Watkins,Shelter,Bushview,+1774795306
230,Nathaniel Moreno,NGO,Poolestad,+1168189063
231,Christopher Barrett,Charity,Port Brianville,+1997401254
232,David Smith,Charity,Davidshire,+1064657709
233,Alicia Porter,Charity,Port Ericmouth,+1526142884
234,Keith Atkinson,Charity,Lake Julia,+1869684161
235,Megan Freeman,NGO,Rogerburgh,+1102746183
236,Duane Burnett,Charity,New Derek,+1901144533
237,Cathy Adams,Shelter,West Josephshire,+1690614726
238,Kendra Krause,NGO,Davisburgh,+1500320502
239,Lindsay Garcia,NGO,North Kimberlyport,+1722151225
240,Ronald Miller,Shelter,Edwardsside,+180633263
241,Elizabeth Dunn,Charity,Wilsonfurt,+1692210114
242,Matthew Pearson,NGO,Garciaview,+1212235497
243,Alexis Smith,NGO,West Vickie,+1720793939
244,Jason Ramos,Shelter,Carolhaven,+1601409927
245,Rebecca Sanchez,Shelter,New Craig,+1864137361
246,Kristi Wagner,Shelter,Lake Darrellburgh,+1642551562
247,John Mitchell,Charity,Aaronshire,+1951847835
248,Victoria Lee,Charity,New Abigail,+1797862359
249,Zachary Lewis,Charity,Lake Kelli,+1318694632
250,Jamie Ferguson,Charity,Jenniferberg,+1521504048
251,Sarah Hodges,NGO,Martinland,+1161631445
252,Angela Dunlap,Individual,New Julian,+1542032129
253,Adam Pittman,NGO,West Christiantown,+1559151588
254,Felicia Wilkinson,Shelter,Williamsfort,+1034230469
255,Walter Myers,Individual,New Tina,+1852788381
256,Derek Wilson,Individual,Christopherland,+1638597585
257,David Bryant,Shelter,South Amy,+1342903119
258,Scott Grant,Individual,Port Samantha,+1918498860
259,Aimee Stone,NGO,Barnesport,+1439470418
260,Patricia White,Charity,Lake Jessicaborough,+1346354716
261,Maria Lang,NGO,East Moniquemouth,+1952611223
262,Autumn Reed,NGO,East John,+1012020048
263,Ann Mcclure,Shelter,West Johnmouth,+1357769231
264,Sandra Townsend DVM,NGO,West Kelly,+1358860842
265,Rebecca May,Individual,Murrayview,+1831443726
266,Stacy Mayo,Shelter,Bauerton,+1649252936
267,Randall Robbins,Shelter,Dylanton,+1821126000
268,Steven Morton Jr.,Shelter,Kellybury,+1845037406
269,Mrs. Paula Jones,Individual,Emilymouth,+1353772742
270,Darlene Fernandez,Shelter,Monicaton,+1792874429
271,Mark Hartman,Individual,East Ashleyshire,+1180151582
272,Walter Carter,Shelter,Brianchester,+1073441230
273,Jonathan Soto,Charity,Autumnbury,+1479938111
274,Robin Ross,Individual,East Williamborough,+1807540093
275,Michael Johnson,Individual,Longmouth,+1810428712
276,Scott Hunter,Individual,Greenton,+1430550536
277,Austin Jones,Charity,Brandonside,+1014748397
278,Jay Roberts,Shelter,West Christopher,+1358151380
279,Angela Wyatt,Charity,Port Jessica,+1929131646
280,Jesse Miller,Shelter,Port Samanthamouth,+1207641309
281,Mrs. Kristin Adams DDS,Charity,Lake Christychester,+1737643235
282,Lisa Pitts,Shelter,Lake Stephenport,+1093423522
283,Edward Cook,Charity,Isaiahtown,+1905345202
284,Beth Sanchez,NGO,Dustinfurt,+1967378178
285,Derrick Curtis,NGO,Stephaniechester,+1009516395
286,Travis Hughes,Shelter,Castilloland,+1059766704
287,Jennifer Johnson,Charity,Burnettton,+1970971389
288,Christopher Larsen,NGO,Susanview,+1464226270
289,Nathan Reynolds,Shelter,Lake Tina,+1295226591
290,Karen Brennan,Shelter,Hannahside,+1935324960
291,Dawn Thompson,Charity,North Josephland,+1419736585
292,Mrs. Emily Smith DVM,NGO,Shermantown,+1485424932
293,Randy Roach,Charity,East Bryan,+1885344534
294,Cynthia Horton,NGO,Jamesstad,+1355765970
295,Joseph Williams,Individual,East Dale,+1125139413
296,Pamela Santos,Shelter,Lake Michael,+1651865350
297,Deanna Daniels,Individual,Aguilarstad,+1369292288
298,Robert Burke,NGO,Marksmouth,+1952978023
299,Michael Curtis,Shelter,Alexanderbury,+1236878881
300,Jeanne Benjamin,NGO,North Alexander,+1950007971
301,Kristina Simpson,NGO,Melissaport,+1752453906
302,Daniel Moore,Charity,Port Richard,+1680982328
303,Joseph Davis,NGO,Millerport,+1798026319
304,Jennifer Ayala,NGO,Edwardshaven,+1290158411
305,Brendan Vargas,NGO,Kellyville,+1816606741
306,Donna Williams,Charity,Calebview,+1331309900
307,Logan Becker,Charity,North Patriciamouth,+1262391432
308,Robin Pena,NGO,Cynthiashire,+1917758145
309,Bryan Smith,Individual,New Julia,+1275506441
310,Gary Adams,Individual,New Sara,+1238234026
311,Tina Jackson,Charity,Geraldchester,+1030025677
312,Pamela Morales,NGO,Schaeferfort,+1916242530
313,David Marsh,Shelter,North Kimberlyfort,+1985265768
314,Kelsey Smith,Shelter,Haleymouth,+1649893036
315,Anthony Harris,Individual,West Aaronberg,+1113062805
316,Jacob Montoya,NGO,Meganmouth,+1098586366
317,Martha Flores,NGO,Lake Glenview,+1684260750
318,Michael Carter,Charity,Danielborough,+1494689647
319,Donald Bender,Charity,Andersenfort,+1628996349
320,Carmen Barker,Shelter,North Williamview,+1512843163
321,Wanda Wise,Shelter,South Bethanyport,+1400280493
322,Stephanie Mathews,Shelter,North Ashleymouth,+1522427762
323,Linda Banks,Individual,New Sarahmouth,+1235409403
324,Kristine Martin,NGO,Thompsonhaven,+1449544127
325,Lawrence Owens,Individual,South Amybury,+1657487655
326,Douglas Jacobs,NGO,East Gina,+1190722490
327,Aaron Keller,Shelter,Melissaview,+1995680302
328,Carlos Lawrence,Individual,New Justinhaven,+1725803538
329,Christine Patterson,Individual,Edwardfort,+1709070981
330,Kimberly Hamilton,Individual,North Bruce,+1984868232
331,Shane Stein,Individual,Reidton,+1679962771
332,Raymond Harris,Charity,Hammondfort,+1731852783
333,Gabriel Vargas,Charity,Chaseview,+1432542598
334,Gina Wu DDS,Shelter,Lake Melindaside,+1843500946
335,Deborah Sexton,Shelter,Victoriastad,+1999364720
336,Laura Marshall,Charity,East Lisafurt,+1891677916
337,Jennifer Schmidt,Individual,South Michelleshire,+1561409427
338,Patrick Zimmerman,Shelter,Thomasberg,+1136389318
339,Dustin Johnson,Individual,Gomezmouth,+1719952815
340,John Baxter,NGO,New William,+1944419136
341,Anna Buckley,Individual,Murphyfort,+1212819097
342,Kristina Vargas,Charity,Lake Rebeccaton,+1647796707
343,Roberto Stanley,Shelter,Melindaview,+1732994177
344,Barbara Velasquez,Charity,Priceborough,+1692474183
345,Eric Ramos,Individual,Rushfurt,+1159281587
346,Mr. Mark Knight DVM,Charity,East Joseph,+1577967872
347,Michael Keller,Individual,New Derek,+1721246444
348,Donna Hughes,Individual,Maryfort,+1525203779
349,Gwendolyn Johnson,Individual,West James,+1497149926
350,Sylvia Stanley,Shelter,Jenniferbury,+1652300281
351,Kerry Jones,Charity,New Christopher,+1257795651
352,Cody Martin,Individual,Angelamouth,+1396786580
353,Mrs. Stacey Morales MD,Individual,Juliastad,+1660509817
354,Kimberly Nelson,Charity,Lake Lesliemouth,+194753945
355,Brian Hoffman,Shelter,Lake Dillonborough,+1187535421
356,Brian Cherry,Charity,Swansonport,+1733722010
357,Jacob Orozco,Individual,West Jeffrey,+1878348225
358,Brian Davis,Charity,Williamsfort,+1506465852
359,Travis Walker,NGO,West Dan,+1439050785
360,Tammy Boone,Shelter,New Christopher,+1017137646
361,Samuel Lewis,Individual,North Nicole,+1818075033
362,Elizabeth Collins,Shelter,Johnland,+1015328275
363,Stephanie West,Charity,North Jamesfurt,+1942545542
364,Keith Gray,Charity,New Corey,+1970873713
365,Melissa Green,Shelter,South John,+1216980426
366,Tony Holmes,NGO,Jaredport,+1231314040
367,Ricardo Roberts,Individual,West Matthewborough,+1718571738
368,Debra Murray,NGO,Duncanchester,+1668325437
369,Sherry Hall,NGO,Davidmouth,+1561663623
370,Tara Johns,Individual,Paulmouth,+1741715991
371,William Frederick,NGO,Port Dean,+1285519866
372,Harold Bowen,Charity,South Barbaraburgh,+1326921653
373,Seth Esparza,Shelter,Port Brandonberg,+1597616873
374,Ricky Walker,Individual,Port Johnstad,+1667007862
375,Melissa Smith,Shelter,Lake Stevenburgh,+1162305539
376,John Reeves,NGO,Jamieview,+1503069244
377,Patrick Campbell,NGO,Leeton,+1058064686
378,Brandi Buckley,Shelter,Lawrencechester,+1187422945
379,Tara Graham,Shelter,Lake Cory,+1178697697
380,Heather Silva,Charity,Lake Ryan,+1340826530
381,Yvette Huffman,Charity,Reevestown,+1398518386
382,Patricia Stevens,Shelter,Perezport,+1284790049
383,Melissa Kennedy,Individual,West Tina,+1933549162
384,Anthony Guerra,Charity,North Michelle,+1222270705
385,William Barnes,Shelter,Kellyfurt,+1572410749
386,Mary Hopkins,Individual,Tiffanyport,+1763508465
387,Michael Proctor,Charity,Lisafurt,+1195494969
388,Nicole Mueller,Charity,Rachelberg,+1412691178
389,Kelly Buchanan,Charity,Lake Jonathanchester,+1692751780
390,Victor Crawford,NGO,New Brandonton,+1890875252
391,Regina Munoz,NGO,Lake Clinton,+1859553149
392,Tracy Douglas,NGO,Gordonstad,+1845228932
393,Dana Simmons,Shelter,West Jorge,+1720232375
394,Kyle Kerr,Charity,Sarahville,+1585371584
395,Joseph Davis,Charity,Sherryhaven,+1268702757
396,Allison Martinez,NGO,New Amy,+1455111142
397,Mr. Robert Rivera II,Individual,Bergerport,+1701545478
398,Alex White,Charity,Port Carmen,+1263638449
399,Jennifer Hughes,Charity,West Donnaton,+1474301204
400,John Byrd,Shelter,West Randall,+1193136702
401,Leslie Acevedo,Charity,Lake Matthew,+1873735568
402,Nicholas Mosley MD,Individual,North Manuel,+1593327128
403,John Collins,Shelter,New Deborahville,+1377663335
404,Marissa Fischer,Shelter,New Kevin,+1544638142
405,David Evans,Shelter,Chambersmouth,+1162219715
406,Ashley Martinez,NGO,Lake Crystal,+1515212736
407,Arthur Thomas,Charity,Clarkhaven,+1976158560
408,Jennifer Mccoy,Individual,Morganville,+1301711148
409,Matthew Simmons PhD,Shelter,Brandonhaven,+1406684559
410,Betty Reid,Charity,North Abigail,+1266267117
411,Eric Kaiser,Shelter,West Mikayla,+1939690455
412,David Carney,NGO,Port Dianemouth,+1107321565
413,Dennis Schultz,NGO,New Natalieland,+1480490216
414,Dr. Matthew Hughes DDS,NGO,Christopherchester,+1267142290
415,Kevin Blair,Individual,Lake Laurenburgh,+1870335757
416,Ernest Cox,Shelter,Christinaland,+1614624166
417,Justin Santos,NGO,Rayfurt,+1532216291
418,Miss Mary Turner,Charity,North Holly,+1993302450
419,Teresa Jackson,Shelter,Port Thomasstad,+1201156715
420,Susan Green,Charity,Josephborough,+1167787428
421,Jonathan Copeland,Shelter,Jonathanview,+1360481897
422,Tina Bean,Charity,South Tyler,+1770900264
423,Christine Bell,Individual,South Edwardburgh,+1203331967
424,Pamela Harris,Charity,Lewisfort,+1205623060
425,Robert Chavez,NGO,Chadport,+1860499104
426,Jose Rivas,Shelter,Rosaleschester,+1114559848
427,Toni Johnson,NGO,Lake Steven,+1452298601
428,Elizabeth Galvan,NGO,Lake Karen,+1960181230
429,Daniel Williams,Shelter,Russellburgh,+1886093038
430,April Johnson,NGO,Pagemouth,+1404860312
431,Mr. Gregory Thompson,Charity,East Douglas,+1253485813
432,Julie Brown,NGO,East Melissaport,+1442006673
433,Michael Dunn,Individual,Lake Kyleside,+1639942712
434,Jason Alvarez,NGO,South Connorview,+1071645994
435,Whitney Evans,Shelter,Martinezside,+1559119659
436,Jacqueline Turner,NGO,Robertsport,+1378418251
437,Lindsey Lewis,Shelter,West Rogerview,+1102098312
438,Jane Davis,Individual,Lake Joshuaville,+1805548487
439,Erika Lopez,Shelter,North Margarethaven,+1170271702
440,Alexander Walsh,Individual,Troyshire,+1436387858
441,Cynthia Johnson,Charity,West Cherylland,+1160980270
442,Natasha Harper,NGO,Port Sara,+1747633272
443,Brittany Anderson,Individual,Port Michaelmouth,+1109214134
444,Michael Simmons,Individual,Coreymouth,+1272373480
445,Christopher Williams,NGO,North Kathryn,+1045504023
446,Eric Mays,NGO,Port Deborahbury,+1556987496
447,Erika West,Individual,Mikemouth,+1096634270
448,Nicholas Harrison,Shelter,New Timothymouth,+155752106
449,Mrs. Valerie Hartman,NGO,Port Jenniferborough,+1271218776
450,Russell Smith,Charity,New Rebecca,+1815756141
451,Marcus Gregory,Shelter,Hollyside,+1524904054
452,Tina Banks,Charity,Port Judith,+1865357620
453,Kristen Alvarado,NGO,Davidport,+1657769092
454,Steven Griffin,NGO,Cruzborough,+1115950189
455,Jennifer Kennedy,Individual,Port Deborah,+1581893095
456,Rodney Perkins,Charity,Lake Christina,+1914238876
457,Ryan Cole,Charity,Sandratown,+1775486956
458,Michael Vargas,Charity,East Andrewhaven,+1324661933
459,Brandon Riley,NGO,Powerston,+1423646134
460,Karen Stafford,Shelter,West Justinberg,+1407743704
461,Tonya Lewis,NGO,Edwardport,+1693197491
462,Timothy Martin,Charity,Lake Adriennechester,+1686804383
463,Frank Jackson,Charity,North Jeffreychester,+1415046385
464,Richard Parsons,Shelter,Bushbury,+1819931106
465,Makayla Davis,Shelter,Chrisport,+1829299573
466,Christine Ashley,Individual,South William,+1761843528
467,Nathan Gonzales,Charity,East Daniel,+1439084807
468,David Castro,Shelter,Heatherhaven,+1015298611
469,Steven Martinez,Individual,Johnsonberg,+1723986224
470,Edwin Osborne,NGO,North Robinville,+1606057945
471,David Fuentes,NGO,North Kimberlyland,+1679660659
472,Brian Hill,Charity,Port Dominique,+1686660994
473,Justin Powell,Shelter,Port Sarah,+1231123947
474,Christine Lawrence,Charity,Bobbyfort,+1363786017
475,Kim Gamble,Individual,East Ginafort,+1762758691
476,Jennifer Baker,Shelter,Castilloshire,+1405093899
477,Jorge Young,Shelter,Lake Rebeccaton,+1086783432
478,Benjamin Wilson,NGO,West Aliciaburgh,+1228626624
479,Karen Reeves MD,NGO,Lake Mitchellbury,+1651743809
480,Michael Roberson,NGO,South Davidstad,+1219451712
481,Heather Brown,Shelter,New Michaelport,+1376225038
482,Timothy Garrett,NGO,Andersonview,+1075323328
483,Emily Sandoval,Charity,Port Gregory,+1762070611
484,Mary Harrington,Shelter,Port Jason,+1731596013
485,Debbie Cox,Charity,Christopherchester,+1589891478
486,Ronald Brown,Shelter,New Dustin,+1682014672
487,Micheal Peterson,NGO,West Jeffreyfurt,+1943304095
488,Patrick Jenkins,Charity,West Richard,+1709886083
489,Erin Foster,Charity,Jessicatown,+1498195438
490,Tiffany Smith,NGO,Port Brandon,+1095410645
491,Molly Edwards,Charity,Rodriguezborough,+1469124779
492,Julie Lewis,NGO,South Steven,+1573523497
493,Chelsea Powell,Charity,Lake Rachelburgh,+1270594168
494,Timothy Chavez,Individual,Brooksmouth,+1390464362
495,Andrea Meyer,Individual,Christophertown,+1795754238
496,Kristina Park,Charity,Langburgh,+1085420101
497,Miss Jamie Gonzalez DDS,Charity,Proctorville,+1132161913
498,Dennis Ford,Charity,Port Derekland,+1608388104
499,Ricky Harmon,Individual,Port Chaseport,+1173998610
500,Richard Patterson,Charity,Huynhmouth,+1091960030
501,William Davila,Individual,Gilbertborough,+1320448155
502,Carly Austin,Charity,Connerland,+1886969694
503,Eileen Scott,Charity,Lewismouth,+1343314178
504,Michael Williams,Shelter,Matthewhaven,+1112046271
505,Alexandra Owens,NGO,Bradleyland,+1279961259
506,Mrs. Kim Blackwell,NGO,Port Margaretport,+1780172536
507,Destiny Maldonado,Charity,Carlosfurt,+1647546432
508,Kimberly Wilson,Individual,Susanville,+1903662975
509,Drew Edwards,Charity,Huffmouth,+1102170650
510,Jeremy Christensen,Individual,Ashleyborough,+1787773829
511,Kimberly Cox,NGO,Lake Gloria,+1289046503
512,Anne Stone,Shelter,Pittsville,+1684829531
513,Dr. Ryan Gilbert,Individual,Sarahaven,+1273864611
514,Ashley Bell,Shelter,Olsonland,+1339054924
515,Misty Downs,NGO,Robertview,+1643596470
516,Gary Myers,Shelter,Turnerhaven,+1699198102
517,Taylor Wolfe,Individual,New Travisland,+1163674140
518,Katrina Smith,NGO,Stephanieberg,+1771129949
519,Elizabeth Salazar,Shelter,Paynestad,+1551474123
520,Alexandra Jones,NGO,Lisaborough,+1258392741
521,David Robinson,NGO,Carolinebury,+1255769253
522,Veronica Robinson,NGO,East Cynthiahaven,+1088817279
523,William Fox,NGO,Port Angelafurt,+1280026281
524,Tiffany Rodriguez,Charity,Ramirezhaven,+1766242718
525,Michael Dixon,Charity,Rebeccaview,+1796325450
526,Brian Morales,NGO,Darinland,+1099397232
527,Kelli Fuentes,NGO,East Peter,+1792002768
528,Alexander Dean,Charity,New Robert,+1915003349
529,Amy Perez,Charity,West Jacquelineland,+1926343701
530,Lindsay Yates,Individual,Diazshire,+1885867568
531,Alexandra Rogers,Charity,Paulaburgh,+1113263274
532,David Sellers DVM,Individual,South Michaelfurt,+1923213443
533,Joseph Knapp,Shelter,New Michael,+1170969114
534,Megan Miller,Individual,Anthonyport,+1526655472
535,Jane Avila,Shelter,Christinahaven,+1329872893
536,Margaret Lloyd,Shelter,Phillipston,+1512667292
537,Earl Eaton,Shelter,Port Michaelport,+1764237778
538,Ronald Norton,Individual,Carterton,+1110605846
539,Jessica Lee,NGO,Vasquezberg,+1295971071
540,Cristina Curtis,Individual,East Davidbury,+1047220994
541,Amy Brown,NGO,Shelbyland,+1529563208
542,Savannah Neal,Individual,Ashleeside,+1502574736
543,Brenda Green,Charity,Jacobmouth,+1445154579
544,Matthew Wright,NGO,Port Traci,+1820744708
545,Peter Allen,Individual,Port Kristinechester,+1878771518
546,Meagan Hughes,Charity,Lake Lance,+1093649434
547,James Kennedy,Charity,South Donaldshire,+1439018742
548,Gary Andrews,NGO,Gonzalezstad,+1153683340
549,Trevor Lam,NGO,New Alexismouth,+1262770665
550,Shawn Gibson,Individual,South Eric,+1687930427
551,Kyle Vega,Shelter,West Alexandra,+1393557045
552,Jeremiah Jones,NGO,Shaneport,+1223114182
553,Scott Proctor,Shelter,Adamland,+1982822315
554,Margaret Mccullough,Charity,Ortizmouth,+1888903956
555,Mary Lewis,Individual,Port Richard,+1436808966
556,James Wolfe,NGO,Woodsfurt,+1377917990
557,Andrea Mcdaniel,NGO,Kingville,+1383950602
558,Samantha Salinas,Charity,Rayberg,+1013968153
559,Randy Martinez,Shelter,Brownville,+1884511379
560,Matthew Mendez,Shelter,South Meganland,+1061923141
561,Andrea Morris,NGO,Hallton,+1139183508
562,Antonio Murphy,NGO,West Kevin,+1775640300
563,Brandon Johnson,Charity,Randyville,+1016095432
564,Justin Smith,Individual,Pottertown,+1888743231
565,Brian Blankenship,Charity,East Jordanborough,+1502916223
566,Michael Lewis,Individual,East Kimberlymouth,+1207812499
567,Peggy Knight,Shelter,North Michaelville,+1932417469
568,Melissa Mclaughlin,Charity,Roberttown,+1719087777
569,Danny Randolph,Shelter,South Yolanda,+1290118582
570,Anthony Cochran,Individual,Port Todd,+1602530828
571,Lydia Phillips,Shelter,North Hollyland,+1041622429
572,Diana Blair,Shelter,Murrayside,+1327743398
573,William Clark,Shelter,Port Courtneyland,+1689527647
574,Mr. William Hunt,Shelter,Barreratown,+1648546978
575,Jennifer Davila,Shelter,Hollandburgh,+1013718447
576,Justin Lopez,Individual,East Stephenton,+1261538449
577,Thomas Burch,Charity,North Lori,+1908825868
578,Larry Bradshaw,NGO,Lake Cody,+1435973151
579,Nancy Guerrero,Individual,South Elizabeth,+1913817696
580,Yesenia Solomon,Charity,Port Paulaton,+1765870514
581,April Mcintosh,Charity,North Sherribury,+1253875931
582,Douglas Cook,Shelter,Hunterbury,+1724548537
583,Sean Henderson,NGO,Lake Gregory,+1533264934
584,Austin Vance,Shelter,Whiteside,+1408719628
585,Mark Lewis,NGO,Lisaview,+1945540220
586,Amy Barker,Shelter,North Nathanville,+1068213010
587,Jennifer Clark,NGO,Spencermouth,+1621967109
588,Laurie Alvarez,Shelter,North Raymond,+1633929887
589,Nicole Williams,NGO,West Richard,+1277713700
590,Terry Fernandez,Shelter,Mooreburgh,+1060527523
591,Susan Clark,NGO,Beckville,+1204357439
592,Michael Pennington,Charity,South Gabrielmouth,+1054209084
593,Douglas Mann MD,NGO,North Lisaburgh,+1180399487
594,Sheri Johnson,Shelter,North Christopher,+1539200751
595,Courtney Whitney,Individual,West Mariashire,+1284467897
596,Natalie Navarro,Shelter,West Carrieberg,+1337426627
597,Willie Nichols,Charity,Jonesland,+1176097351
598,Alexa Guerra,NGO,Ariasbury,+1691923865
599,Christopher Davis,NGO,South Yvettestad,+1969525072
600,Bruce Alexander,Individual,New Tammyhaven,+1765012938
601,Peter Gonzalez,Shelter,Biancaton,+1257846019
602,Paul Carter,Individual,Kinghaven,+1800253018
603,Christina Caldwell,Shelter,New Christopherburgh,+1578745807
604,Ashley Hall,Individual,Butlerborough,+1473443774
605,Tara Johnson,NGO,East Nathan,+1017973598
606,Jenna Bowen,Shelter,Nicoleside,+1821839790
607,Sean Wolf,NGO,Mcfarlandhaven,+1909137034
608,Oscar Bauer,Charity,South Nicoleberg,+1745076783
609,Brian Riddle,Shelter,Jenniferbury,+1493189525
610,Jimmy Morton,Charity,New Carrie,+1213480570
611,Jeff Rivas,Charity,Mcdanielmouth,+1750654290
612,Meredith Griffin,NGO,Patriciamouth,+1308187400
613,Renee Campbell,Shelter,North Tiffanyfort,+1937506531
614,Peggy Parker,Shelter,South Waynefurt,+1435183066
615,Rachel Carson,NGO,Robertside,+1108522109
616,Christopher Wright,Shelter,New Kellytown,+1310748622
617,Justin Lee,Individual,Shelleyburgh,+1964653036
618,Samuel Mendez,Individual,Andersonland,+1644310381
619,Taylor Estrada,NGO,Nguyenview,+1515565960
620,Cassandra Foster,Individual,West Danielview,+1830475421
621,David Jordan,Individual,Mendozabury,+1058168331
622,Gary Torres,Charity,Kimberlyview,+1161412613
623,Phillip Rogers,Individual,Keithstad,+1265546466
624,Alvin Day Jr.,NGO,East Heatherbury,+1221278600
625,Paul Lee,NGO,Stephenchester,+1741575024
626,Theresa Gonzalez,Charity,Port David,+1056860383
627,Beth Chavez,Shelter,East Nicole,+1499911004
628,James Gardner,NGO,Morenoborough,+1052113183
629,Andrea Hansen,NGO,Lake Mary,+1075255651
630,Sarah Ochoa,Charity,Vancebury,+1182551669
631,Diana Fisher,Shelter,New Daryl,+1743914500
632,Austin Smith,NGO,North Marcusbury,+1193818831
633,Jay Higgins,NGO,Perezhaven,+1809908313
634,Jessica Watkins,Charity,Robertton,+1689594075
635,Lisa Marshall,Charity,Johnville,+1754231187
636,Devon Burton,Charity,Blakehaven,+1071089325
637,Benjamin Soto,NGO,West Garretthaven,+1693958395
638,Timothy Browning,Charity,Moralesfort,+1362473024
639,Jeffrey Vaughan,Charity,Cameronfurt,+1936574086
640,Joseph Smith,NGO,Anthonystad,+1166983766
641,Robert Jones,Shelter,East Antoniobury,+1801681124
642,Sarah Rose,NGO,New Ryanmouth,+1473880838
643,Mary Morrow,NGO,Melaniehaven,+1959219720
644,Deanna Brown DDS,Individual,Fowlerburgh,+1951474833
645,Steven Armstrong,NGO,Robertfurt,+1161559564
646,Maria Lee,Individual,West Juanchester,+1337297840
647,Christine Davis,Charity,Josephton,+1443597605
648,Heather Stewart,NGO,South Lucasview,+1189364091
649,Cory Schmidt MD,Individual,Johnsonville,+1155356309
650,Nicholas Peterson,NGO,West Troyview,+1287831533
651,Rebecca Mcbride,Charity,Port Timothymouth,+1942141004
652,Sandy Ward,Shelter,North Michael,+1326460437
653,Jason Garcia,Shelter,Port Mariemouth,+1296884610
654,John Murray,Shelter,Fernandezberg,+1640040117
655,Lauren Golden,NGO,Michealstad,+1091203093
656,Christopher Clark,NGO,Port Peggyshire,+1209614423
657,Patricia Salas,Individual,Port Maryshire,+1695147193
658,Frank Olson,Shelter,South Anthonyside,+1967475678
659,Elizabeth Stewart,NGO,Kempstad,+1597310182
660,James Hernandez II,Charity,Kenthaven,+1362352960
661,Robert White,Charity,Petersonmouth,+1828389359
662,Gabriel Harris,Individual,Port Shannonhaven,+1530342142
663,Michael English,NGO,Lake Daniel,+1123203740
664,Joseph Nelson,Individual,Phillipston,+1800327079
665,Felicia Collier,NGO,Toddstad,+1132024089
666,Meredith Hull,NGO,Markfurt,+1758798768
667,Christine Beasley,Individual,Jensenland,+1677294034
668,Maria Singh,NGO,Brandonhaven,+1531271876
669,Karen Cox,Charity,Davidland,+1917599054
670,Amber Hobbs,NGO,Rogersfort,+1148645127
671,Cindy Green PhD,NGO,Sharpfurt,+1744184457
672,Janice Thornton,Charity,Allenmouth,+1467359177
673,Shelly Castillo,Charity,Chenview,+1846412359
674,Stephen Harris,Charity,Port Seanshire,+1638807237
675,Robert Day,NGO,Goodmanfort,+1847424202
676,John Williams,Charity,Brooksborough,+1753717615
677,Joshua Rush,Charity,New Mark,+1026944031
678,Joseph Johnson,NGO,South Jasminechester,+1122028352
679,Alexis Rodriguez,Shelter,South Shirleymouth,+1488278108
680,James Lewis,NGO,Richardton,+1512871850
681,Becky Hernandez,Shelter,Jeanshire,+1505109795
682,Paige Lewis,Shelter,Karenfort,+1060852316
683,Mark Williams,NGO,Taylorport,+1209638410
684,Kiara Martinez,Individual,Ellisborough,+1299398804
685,Angela Knight,Individual,Port Joshua,+1913302377
686,Spencer Roberts,Charity,East Sheenahaven,+1492010291
687,Danny Palmer,NGO,North Erikhaven,+1313158378
688,Jeffrey Turner,Charity,East Tiffanyview,+1211603094
689,Michael Murphy,NGO,Lake Sheilaland,+1878436402
690,Jeffrey Knight,Individual,Wardshire,+1077948313
691,Brittany Williams,Individual,Christinehaven,+1831481734
692,Christopher Stokes,Individual,Joshuahaven,+1050487931
693,Carl Brewer,Individual,Nelsonbury,+1467645157
694,Rachel Arnold,Shelter,New James,+1876741329
695,Janet Newton,Individual,West Amandaport,+1305908261
696,Kellie Hart,Charity,Changview,+1355899126
697,Laura Leach,Charity,Davidtown,+1465940771
698,Dawn Rodriguez MD,Charity,New Shauntown,+1836243293
699,Sabrina Johnson,Charity,East Emily,+1521243791
700,Kimberly Duncan,Shelter,West Monica,+1511582436
701,Amber Arellano,NGO,South Marymouth,+1184258787
702,Rebecca Chan,Charity,West Brittany,+1797073052
703,Mr. Jonathan Williams,Individual,Bruceburgh,+1060106061
704,Jason Lowe,NGO,Sarahside,+1631150253
705,Christopher Sellers,Charity,East Nathanstad,+1709576832
706,Shannon Jensen,Shelter,Lake Kevinport,+1785701120
707,Jason Martin,Charity,New Frederickfort,+1018777120
708,Jacob Mendez,Individual,South Jason,+1183586757
709,Matthew Sanchez,Individual,New Stephanie,+1108346220
710,Eric Carrillo,Shelter,Nicholsonland,+1050078793
711,Mark Carroll,Shelter,Lovestad,+1623695612
712,Laura Graham,NGO,Mercerport,+1680453114
713,Robert Moses,Shelter,Port Terry,+1298705299
714,Adam Phelps,Individual,North Amanda,+1866126376
715,Tyler Christensen,Charity,Lake Douglas,+1066912501
716,Angela Gregory,Individual,Lake Tracytown,+1178566676
717,Jonathon Gregory,Individual,Shortfort,+1051174613
718,Matthew Brown,Individual,Port Amberfurt,+1853360978
719,Brian Oneill,NGO,East Stephaniefort,+1236914227
720,Jeremiah Terry,Individual,Nicoleberg,+1955013103
721,Ashley Ramirez,Charity,Heatherburgh,+1043823103
722,Deanna Owens,NGO,South Mark,+1654109397
723,Lisa Kim,Individual,New Brandyhaven,+1658562095
724,Randall Ford,Shelter,East Tasha,+1203784210
725,Edward Lopez,NGO,New Matthewton,+1835917229
726,Tammy Brown,Shelter,Victorton,+1445691621
727,Troy Jimenez,Shelter,Port Marc,+1292462756
728,Dustin Stark,Charity,Kimberlymouth,+1169504574
729,David Spence,Charity,Port Curtisside,+1430061807
730,Felicia Glover,Shelter,East Michael,+1828442370
731,Jacob Scott,Charity,South Jenniferburgh,+1572168483
732,Jessica Shields,Shelter,South Richard,+1190925018
733,David Fox,Individual,Longmouth,+1428004782
734,Amanda Buchanan,NGO,Perryton,+1171845716
735,Kyle Scott,Individual,Reedview,+1802043107
736,Damon Schmidt,Charity,Cummingschester,+1957223687
737,James Brown,Shelter,Lake Catherine,+1250887549
738,Matthew Morgan,Charity,Robertton,+1355122781
739,Nancy Jones,Shelter,West Bradley,+1064578047
740,Denise Lucas,Charity,East Jamesmouth,+1775848917
741,Amber Burnett,Charity,Garciashire,+1013559555
742,Matthew Webb,Charity,West David,+1983419445
743,Nicholas Tucker,Charity,Port Samantha,+1900712070
744,Matthew Deleon,Individual,Danielsview,+1940927898
745,Jose Vance,NGO,Lake Heatherberg,+1166207837
746,Kenneth Barnes,NGO,South Lindsay,+1684340244
747,Vanessa Johnson,Shelter,Wilsonshire,+1134770795
748,Bridget Williams,Charity,South Williamview,+1793472416
749,Michael Craig,Individual,Moralesburgh,+1148999508
750,Levi Lucas,Charity,North Vanessamouth,+1576353920
751,Travis Johnson,Shelter,South Edward,+1856401614
752,Cassidy Alvarado,Individual,Leahchester,+1253644624
753,Samantha Potter,Charity,Aguilarbury,+1414344196
754,Michael Ford,Individual,New Sean,+1899888452
755,Eugene Beltran,Shelter,South Samanthaburgh,+1966162431
756,Emma Anderson,NGO,Lake Michelle,+1693475266
757,Christopher Garcia,Charity,North Danielchester,+1375555633
758,Jennifer Lucero,NGO,South Theresaberg,+1861055091
759,Kathleen Watkins,Shelter,Hardyberg,+1357884119
760,Gina Blankenship,Shelter,Brittanyborough,+1187217199
761,Douglas Roberts,Shelter,Deanstad,+1880777950
762,Donna Chang,NGO,East Stevenborough,+1564962501
763,Karen Williamson,Shelter,Sandovalmouth,+1575884472
764,Krista Williams,Shelter,Oliverberg,+1814373776
765,Joshua Hooper,Shelter,Buchananton,+1134631430
766,John Reynolds,Shelter,Grahambury,+1620859402
767,Jordan Hart,Shelter,East Julietown,+1617536365
768,Mary Wilson,Charity,Lake Kimberlyton,+1843363858
769,John Warner,Shelter,Cookhaven,+1033205395
770,Jacob Gibbs,Charity,New Jesus,+1062651675
771,Emily Gallagher,Individual,Wagnerburgh,+1916631678
772,Cassandra Yoder,Charity,Danielfurt,+1287660621
773,Hunter Richards,NGO,West Victoriaberg,+1817781214
774,Tracy Bass,NGO,South Jessicaburgh,+1612584749
775,Thomas Nelson,Charity,Donnamouth,+1276018962
776,James Thompson,Shelter,Ronaldmouth,+1173279133
777,Julie Dickerson,Shelter,Diazbury,+1831382733
778,Kristie Townsend,Shelter,Melissaberg,+1743895824
779,James Turner,NGO,North Mallorystad,+1007097978
780,Jacqueline Johnson,Shelter,Jeffreyland,+1086571423
781,Jason Taylor,NGO,Reginaburgh,+1063803549
782,Timothy Burns,Charity,East Janetstad,+1625557560
783,Monica Phillips,Charity,New Phillipfurt,+1885889838
784,Jill Harris,Shelter,Josephfurt,+1981371881
785,Melissa Lee,Charity,Brownport,+1331940479
786,Robert Kim,Shelter,Port Gabrielleborough,+1131567998
787,Rachel Rios,NGO,Sarahaven,+1191048885
788,Beth Phillips,NGO,Zacharyview,+1933832279
789,Laura Robertson,NGO,Hansonfurt,+1168516533
790,Stephanie Smith,Charity,West Carrieport,+1284115954
791,David Kennedy,Charity,Port Caleb,+1616129715
792,Tamara Frey,Shelter,Deanfort,+1761685693
793,Renee Anderson,Charity,Princehaven,+1401324956
794,Lee Nunez,Individual,Andersonfort,+1688571870
795,Caitlin Cobb,Charity,North Andresport,+1688714930
796,Lisa Carroll,NGO,South Jamesfort,+1238428919
797,Robert Becker,Charity,Danielland,+1607560612
798,James Estrada,Individual,Westport,+1204508542
799,Adam Moore,Charity,East Josephview,+1190803260
800,Anthony Garcia,Individual,Brownbury,+1455419687
801,Samantha Simpson,Shelter,West Meganmouth,+1308323866
802,Lisa Cruz,Charity,Stevenmouth,+1720917748
803,Joseph Stafford,Shelter,Lake Lindseystad,+1127825617
804,Elizabeth Cochran,NGO,Theresabury,+1711350025
805,Sharon Martin,Individual,South Michelleport,+1858892008
806,James Miller,NGO,Lisabury,+1998196868
807,Taylor Miller,NGO,Josephside,+1222705486
808,Pamela Finley,Individual,Harrisfurt,+1605425380
809,Karen Cain,Individual,East Daisybury,+1069604185
810,Cody Meyer,NGO,Westshire,+1151472095
811,Scott Schroeder,Shelter,Markfurt,+1290422531
812,Sabrina Klein MD,Individual,Shawhaven,+1161545558
813,Amber Hale,Individual,Comptonside,+1502352728
814,Michael Petersen,NGO,Maryside,+1543011932
815,James Miller,NGO,North Dawn,+1591397284
816,Jeremiah Hampton,Charity,South Sheryl,+1370484121
817,Victoria Torres,Charity,Martinchester,+1247809445
818,Danielle Hayes,NGO,Andreaberg,+1310927379
819,Christina Lambert,Shelter,Delgadofort,+1375169143
820,Patrick Velasquez,Individual,West Jacob,+1061667246
821,Jeffrey Wilson,Charity,Davisport,+1453907219
822,Aaron Malone,Shelter,East Mark,+1031366978
823,James Rose,Shelter,East Amandaberg,+1582047743
824,Madison Myers,Shelter,Cruzland,+1350083338
825,Charles Morris,Charity,New Olivia,+1107482544
826,Mr. Steven Reeves MD,Individual,West Jacquelinefort,+1637394608
827,John Simmons,NGO,North Tanner,+1973886145
828,Jason Mcpherson,Shelter,Michaelside,+1036934197
829,Mr. Brian Fox,Charity,Scottbury,+1013164760
830,Jeffrey Cooper,Shelter,Lake Christian,+1772455095
831,Samantha Ellison,Individual,New Kimberly,+1224377292
832,Kylie Young,Shelter,Ginaview,+1131186244
833,Kelly Pierce,Shelter,West Josephland,+1704671150
834,Renee Flynn,Individual,South Mark,+1935018423
835,Jennifer Wright,Shelter,Lauratown,+1575563261
836,Scott Craig,Shelter,South Lisa,+1183826136
837,Michelle Reed,Shelter,West John,+1072168815
838,Jessica Stephens,Charity,West Michaelton,+1589778320
839,Michael Cox,NGO,North Kelly,+1537395146
840,Mary Anderson,Shelter,South Mirandamouth,+1481260133
841,Brian Reed,NGO,Amandaburgh,+1405649498
842,Robert Stewart,Shelter,New Laura,+1735016244
843,Glenn Anthony,Charity,Halltown,+1029607549
844,Andrew Gray,Individual,Lake Dustin,+1480057192
845,Adam Horton,NGO,Ramosberg,+1644230076
846,Charles Aguilar,NGO,Johnsonchester,+1482619107
847,Wesley Myers,Shelter,Meganburgh,+1859917532
848,Terrence Wagner,Individual,Taraside,+1322467583
849,Kyle Johnson,Shelter,Ellisshire,+1877666073
850,Kristopher Mendoza,Individual,Bradfurt,+1781166339
851,Christina Brown,NGO,Wyattton,+1830347865
852,Jo Martinez,Charity,Port Williamtown,+1643426012
853,Tanya Lowe,Charity,Crawfordchester,+1775969794
854,Christopher Diaz,Individual,Lorifurt,+1421062480
855,Robert Abbott,NGO,Collierburgh,+1145328181
856,Amanda Brown,Individual,New Larryshire,+1763305060
857,Jennifer Taylor,Individual,Lake Kaylamouth,+1242411359
858,Ashley Harris,Individual,Lake Stephenchester,+1805824607
859,Dana Williams,Charity,Cookstad,+1259995693
860,James Knight,Charity,Kirkfort,+1015044343
861,Ashley Clark,NGO,Poolebury,+1186226804
862,Justin Martinez,Individual,New Erikamouth,+1973577122
863,Jessica Camacho,Individual,Billyland,+1067499886
864,Justin Anderson,NGO,South Craigborough,+1676298865
865,Katherine Houston,Individual,Lake Joshuabury,+1354200196
866,Jose Cooper,Shelter,Pooleside,+1836012157
867,Tara Williams,Individual,New Dakotahaven,+1246108348
868,Kayla Erickson,Shelter,West Lindseyside,+1137526967
869,David Mendoza,Charity,North Shawnastad,+1178649061
870,Joshua Mendoza,Charity,North Amy,+1428767043
871,Veronica Adams,Individual,Natalieside,+1857123680
872,Lori Peters,Individual,Annaborough,+1706526057
873,Darius Reid,Charity,Port Philipmouth,+1069395162
874,Danny Brown,Individual,East Shirley,+1293712280
875,Scott Smith,Individual,New Donnahaven,+1769655711
876,Jeremy Robinson,NGO,Jamesview,+1971983229
877,Jeffrey Stafford,Shelter,North Nicholasborough,+1544602468
878,Cory Johnson,NGO,Port Robertmouth,+1443115766
879,Bridget Hill,Charity,South Emily,+1684652331
880,Kristen Foster,Shelter,North Ricardo,+1492528592
881,Alan Riley,NGO,Tylermouth,+1916202120
882,Steven Shaffer,Shelter,Rodneyport,+1997939460
883,Aaron Rios,NGO,New Jeffreyhaven,+1436294859
884,Mary Evans,Shelter,North Josephmouth,+1484575683
885,James Hardin,Individual,East Robert,+1160356813
886,Amber Cruz,Shelter,Allenborough,+1770731734
887,Jean Woods,Shelter,Fernandezchester,+1885468304
888,Matthew Davis,Charity,Birdview,+1367475533
889,Holly Aguilar,NGO,West Sara,+1995062068
890,Joseph Whitaker,NGO,Jamesborough,+1592718576
891,Thomas Myers,Shelter,North Haleyhaven,+1798565722
892,Brian Hardy,NGO,Lake Williamhaven,+1264275426
893,Carrie Hess,Charity,Jarvisshire,+1280679673
894,Tammy Fletcher,Charity,New Adrian,+1195502711
895,Ms. Deborah Campos,Individual,West Barry,+1799485058
896,Jennifer Smith,Shelter,Josephton,+1797280744
897,Shelby Rice,Shelter,New Loriberg,+1134702112
898,Emily Ramos,Shelter,East Michaelview,+1379571973
899,Rachel Pena,NGO,Grossport,+1236685935
900,Hannah Reynolds,Charity,East Kevinberg,+1310405330
901,Donald Caldwell,Shelter,Dawsonberg,+1910712217
902,Michelle Riley,NGO,New Juliaton,+1124979466
903,Cindy Robinson DDS,Shelter,Franklinview,+1186239588
904,Amanda Kline,Shelter,East Travis,+1653763204
905,Ann Odonnell,Charity,East Michael,+1263457660
906,Christopher Gonzalez,Shelter,Payneland,+1102412999
907,Jamie Jenkins,NGO,New Melanie,+1769039528
908,Abigail Crawford,NGO,Lake Shawn,+101528668
909,Matthew Cordova,NGO,Rubioborough,+1055898944
910,Tina Donaldson,Shelter,Lake Brandibury,+1364464714
911,Devon Martinez,Individual,Jessicaland,+1612582469
912,Katelyn Proctor,Charity,Williamsborough,+1492717461
913,Jeffrey Jones,NGO,Kennethmouth,+1972292136
914,Jeffrey Walker,Individual,Woodardview,+1284721603
915,Deborah Garza,Shelter,South Alanville,+1955892656
916,Lindsey Mathis,Shelter,Ianland,+1165585061
917,Michael Townsend,Shelter,East Kevin,+1480385023
918,Katrina Cruz,Charity,Jenkinsfurt,+1091915616
919,Sarah Brown,Shelter,North Christina,+1198807367
920,Gregory Rodriguez,Charity,West Davidview,+1716671616
921,Kelly Walls,Individual,Lake Victoriaton,+1575175280
922,Savannah Holland,Individual,Kelleystad,+1876887575
923,Victor Diaz,Shelter,Darinview,+1619230470
924,Sarah Roberts,Shelter,North Janetland,+1134593188
925,Cassidy Davis,Individual,West Donaldmouth,+1153594471
926,Kimberly Ware,Individual,East Sheriton,+1782660266
927,Mary Escobar,Individual,Gloriaview,+1638636846
928,Barbara Richards,Charity,Carlostown,+1248119365
929,Donna Terry,Charity,Mathistown,+1048587570
930,Joseph Smith,Shelter,Dunnbury,+1099131799
931,Rhonda Lewis,Individual,South Michael,+1681511254
932,Justin Stevens,Charity,South Mary,+1560511371
933,Jodi Lee,NGO,West Paulfort,+1517962649
934,Dr. Wendy Terrell,Charity,Erikashire,+1662368791
935,John Harris,NGO,Riverafort,+1275450294
936,Jacob Horton,NGO,Port Douglasland,+1867445283
937,Mark Ward,NGO,Port Jonathanton,+1384311430
938,Matthew Thornton,NGO,Hayesfort,+1084069823
939,Chad Vaughn,Charity,Lake Brandonborough,+1651992977
940,Lynn Lucas,Charity,Elizabethberg,+1891290146
941,Jessica Boyd,NGO,South Heather,+1584105626
942,Earl Hess,Charity,Rodneyborough,+191751556
943,Rebecca Lucas,Charity,New Jessicabury,+1214463873
944,Sharon Wood,Charity,New Melindashire,+1282176863
945,Alex Leon,Individual,Caitlynhaven,+1671140630
946,Taylor Mann,Charity,North Lawrence,+1667482534
947,Debra Webster,Charity,East Debramouth,+1302919053
948,Thomas Castaneda,NGO,West Ashleymouth,+1250447294
949,Allison Pennington,Individual,North Lydiaberg,+1867136798
950,Caitlin Bennett,NGO,Delacruzborough,+1510503132
951,Brittany Mcclain,Individual,Robertville,+1110362093
952,Sarah Morgan,Charity,Gilbertfurt,+1308098000
953,Tina Anderson,Charity,Port Jonathanhaven,+1021685649
954,Mark Russell,NGO,Nathanstad,+1811753680
955,Christopher Wong,Charity,Jacquelineshire,+1451357397
956,Jacqueline Fernandez,Charity,Kennethside,+1734128522
957,Angela Hall,Charity,Greenville,+1576243615
958,Scott Brown,Individual,Oneillland,+1794487571
959,Samantha Gomez,Charity,Suzanneton,+1554958534
960,Jason Hughes,Shelter,Myerstown,+1516270395
961,Tyler Gray,NGO,West Dustinberg,+1748508848
962,Donald Anderson,Shelter,North Stephanieborough,+1249511888
963,Victor Ward,NGO,Johnhaven,+1280482026
964,Donald Moore,Individual,Davisfort,+1421648768
965,Ashley Silva,NGO,Port Thomas,+1530483123
966,Sheila Lang,NGO,Lake Larryborough,+1852862289
967,Samantha Sherman,Individual,Port Cindyberg,+1592776748
968,Mr. Joseph Herring,Individual,Mariefurt,+1390442094
969,Leon Foster,NGO,Bennettton,+1989369076
970,Brandon Rice,Shelter,South Benjamin,+1631222255
971,Teresa Estrada,Individual,Mayburgh,+1207784104
972,Patricia Joseph,Individual,Lauraport,+1119276696
973,Brian Johnson,NGO,Patrickfort,+1514795501
974,Mark Miller,NGO,North Joshua,+1361115469
975,Danielle Bullock,Individual,Amandafurt,+1882539476
976,Tammy Patrick,Individual,Clarkton,+1715529014
977,Pamela Scott,Charity,South Paul,+1106420442
978,Adam Evans,Individual,Lake Sonya,+1843980067
979,Rebecca Wright,Charity,Teresastad,+1073874410
980,Elizabeth Fisher,Shelter,Carrborough,+1989083776
981,Dawn Jennings,Shelter,Port Cody,+1575965125
982,Thomas Villanueva,NGO,Gutierrezmouth,+1386039644
983,Joanna Black,NGO,North Jacobhaven,+1819505825
984,Steve Kirby,Charity,Travishaven,+1151958711
985,Thomas Sanchez,NGO,Rodneyfurt,+1315921072
986,Rita Kane,Shelter,South Jamie,+1473062056
987,Becky Smith,Shelter,East Renee,+1907087489
988,Kristi Rodriguez,Charity,Nielsenberg,+1498645409
989,Timothy Bradshaw,Individual,North Laura,+1512605312
990,Patricia Hardy,Shelter,Thomasport,+1668735320
991,Lindsey Wagner,Shelter,Jessicaburgh,+1010527584
992,James Curry,Individual,Port Johnside,+1230438999
993,Alexis Hayes,Shelter,Matthewmouth,+1438120534
994,Angelica Simmons,NGO,Port Kellifort,+1029428232
995,Brittany Taylor,Individual,Andrewsport,+1965687106
996,Matthew Curtis,Shelter,Lanechester,+1788944421
997,Amanda Cain,NGO,New Steven,+1014915601
998,Theodore Briggs,Individual,South Sandra,+1306099442
999,Cheyenne Ramsey,NGO,Lake Jeffery,+1263204816
1000,April Miller,Shelter,Shelbychester,+1948732652
